Crop	N	P	K	Temperature	humidity	pH	Rainfall	State	Season	Price
rice	90	42	43	21	82.00274423	6.502985292	203	Uttar Pradesh	Zaid	19.11
rice	85	58	41	22	80.31964408	7.038096361	227	West Bengal	Rabi	65.92
rice	91	53	40	27	81.41753846	5.386167788	265	Tamil Nadu	Rabi	307.33
rice	91	53	40	27	81.41753846	5.386167788	265	Karnataka	Post-Monsoon	64.61
rice	85	38	41	22	82.7883708	6.249050656	277	Karnataka	Rabi	162.86
rice	91	35	39	24	80.41817957	6.970859754	206	Punjab	Rabi	223.17
rice	99	57	35	27	81.17734011	5.960370061	272	Maharashtra	Zaid	92.7
rice	62	42	36	23	82.06719137	6.430010215	249	Maharashtra	Post-Monsoon	99.11
rice	79	43	39	22	80.70960551	7.062779015	211	Maharashtra	Rabi	167.64
rice	76	60	39	20	80.3477562	6.766240045	209	Karnataka	Kharif	148.06
rice	65	60	43	22	81.89918197	5.658169482	227	West Bengal	Rabi	65.92
rice	95	52	36	26	83.83625819	5.543360238	287	Uttar Pradesh	Rabi	78.63
rice	71	46	40	20	82.1235421	7.236705436	192	Karnataka	Rabi	72.5
rice	83	58	45	26	83.51827127	5.875345751	246	Karnataka	Kharif	40.61
rice	70	36	42	22	80.72886384	6.946209881	202	Punjab	Zaid	33.45
rice	67	45	38	23	82.1706881	7.300410836	261	Karnataka	Post-Monsoon	3.02
rice	77	36	37	27	81.46033732	6.136131869	195	Punjab	Rabi	276.9
rice	77	36	37	27	81.46033732	6.136131869	195	Uttar Pradesh	Zaid	102.99
rice	67	43	39	26	84.96907151	5.999969026	187	Karnataka	Kharif	304.15
rice	82	43	38	23	81.43321641	5.105588355	242	Maharashtra	Post-Monsoon	174.83
rice	90	44	38	24	83.88387074	7.473134377	241	West Bengal	Kharif	60.64
rice	78	40	38	26	83.85642678	7.549873681	248	Karnataka	Kharif	81.91
rice	78	40	38	26	83.85642678	7.549873681	248	Karnataka	Zaid	56.81
rice	60	51	36	23	82.81088865	6.028321558	257	Punjab	Rabi	13.62
rice	78	35	44	27	84.67353597	7.072655622	184	Karnataka	Kharif	288.07
maize	71	54	16	23	63.69070564	5.749914421	88	Punjab	Rabi	128.52
maize	89	60	19	25	66.6902901	5.913664501	78	Punjab	Rabi	220.86
maize	90	49	21	25	68.3584573	6.472523287	74	Karnataka	Post-Monsoon	63.56
maize	62	52	16	22	58.84015925	6.967057762	64	Punjab	Kharif	128.8
maize	66	53	19	23	60.1159381	6.033550195	65	Tamil Nadu	Post-Monsoon	15.82
maize	74	56	22	18	66.65952796	6.829199275	81	Karnataka	Zaid	5.67
maize	64	35	23	23	61.89472002	5.680361038	63	Punjab	Zaid	114.54
maize	86	55	21	22	59.64024162	6.803931519	110	Karnataka	Post-Monsoon	119.6
maize	74	43	23	26	61.89082199	6.325235159	100	Maharashtra	Kharif	133.04
maize	63	43	17	19	65.47050802	6.807487794	71	Uttar Pradesh	Post-Monsoon	88.51
maize	99	36	20	21	65.34583901	6.671085817	78	Maharashtra	Post-Monsoon	133.66
maize	99	36	20	21	65.34583901	6.671085817	78	Tamil Nadu	Zaid	7.32
maize	66	44	20	19	69.02298571	6.740000688	81	Karnataka	Kharif	202.63
maize	63	35	16	22	65.35549924	6.272417541	84	Karnataka	Zaid	16.57
maize	79	45	20	24	59.24537979	5.715208817	90	Karnataka	Rabi	27.26
maize	75	53	18	21	59.4375337	6.864793607	104	Uttar Pradesh	Post-Monsoon	257.67
maize	74	39	23	23	65.77472881	6.78073637	88	Punjab	Rabi	128.52
maize	63	42	21	23	72.33125523	5.798423908	67	Uttar Pradesh	Post-Monsoon	43.04
maize	90	52	25	26	69.36385721	6.822586546	103	Maharashtra	Post-Monsoon	167.05
maize	90	52	25	26	69.36385721	6.822586546	103	Karnataka	Rabi	2.58
maize	71	52	18	25	55.97732754	5.790770203	78	Punjab	Rabi	220.86
maize	65	60	22	25	72.52054555	6.606984086	108	Tamil Nadu	Post-Monsoon	115.33
maize	90	57	24	19	72.80086137	6.158860284	82	Punjab	Rabi	123.23
maize	67	35	22	23	63.24648023	6.385684214	109	West Bengal	Rabi	292.29
cotton	133	47	23	25	75.62137159	6.827354668	90	Karnataka	Rabi	127.49
cotton	113	41	20	25	80.53965818	7.256877571	96	Karnataka	Zaid	113.52
cotton	121	45	22	22	81.30681027	6.443785385	64	Karnataka	Post-Monsoon	307.49
cotton	121	47	16	24	79.29573149	7.723240151	72	Maharashtra	Post-Monsoon	0.9
cotton	140	38	15	24	75.88298598	6.021439523	70	Karnataka	Post-Monsoon	174.73
cotton	102	49	21	25	84.84422454	6.253343655	90	Karnataka	Rabi	127.49
cotton	135	43	16	23	81.73049149	6.720449769	87	West Bengal	Zaid	89.98
cotton	101	58	18	26	81.38103349	6.652143699	79	Karnataka	Post-Monsoon	25.34
cotton	101	58	18	26	81.38103349	6.652143699	79	Karnataka	Zaid	11.63
cotton	102	46	19	23	82.5993307	6.631005298	81	Karnataka	Rabi	141.17
cotton	108	46	17	24	84.87668973	6.93221485	65	Maharashtra	Kharif	223.89
cotton	133	50	25	26	81.19666206	7.569454601	100	Karnataka	Post-Monsoon	84.12
cotton	127	37	18	25	76.30050373	7.041065585	92	Punjab	Kharif	131.72
cotton	127	37	18	25	76.30050373	7.041065585	92	Karnataka	Rabi	28.46
cotton	110	39	25	23	77.34264002	7.208795456	75	Karnataka	Rabi	50.17
cotton	100	40	20	22	76.25674874	7.432043735	87	Uttar Pradesh	Zaid	124.73
cotton	100	40	20	22	76.25674874	7.432043735	87	Tamil Nadu	Post-Monsoon	119.19
cotton	118	50	19	23	82.33733678	6.360812227	66	Tamil Nadu	Kharif	57.79
cotton	133	57	19	24	75.98203329	7.947011366	84	Tamil Nadu	Zaid	36.17
cotton	114	40	23	26	81.13668716	6.753978061	95	Karnataka	Kharif	190
cotton	131	60	17	25	81.79475917	7.425041316	83	Tamil Nadu	Rabi	97.49
cotton	123	44	21	26	75.00539324	7.641116569	91	Maharashtra	Rabi	78.31
cotton	112	54	15	25	81.56641891	6.175492306	77	Tamil Nadu	Rabi	33.73
cotton	100	52	19	23	82.44777468	7.903528673	94	Maharashtra	Post-Monsoon	67.72
cotton	129	43	16	26	77.85055621	6.73210948	79	Karnataka	Post-Monsoon	25.34
cotton	129	43	16	26	77.85055621	6.73210948	79	Karnataka	Zaid	11.63
cotton	117	43	25	25	78.51206972	7.839849298	69	Punjab	Zaid	4.7
cotton	126	37	21	26	84.16855231	6.61448588	77	Karnataka	Rabi	85.93
cotton	131	56	20	22	81.83896111	7.762647875	92	Punjab	Zaid	13.43
cotton	131	56	20	22	81.83896111	7.762647875	92	Karnataka	Post-Monsoon	142.13
cotton	106	46	20	23	78.63388824	6.200671976	81	Karnataka	Rabi	141.17
jute	63	41	45	25	86.8870535	7.121933579	197	Karnataka	Rabi	63.91
jute	96	41	40	24	72.00460848	6.090060478	190	Uttar Pradesh	Kharif	101.52
jute	96	41	40	24	72.00460848	6.090060478	190	Karnataka	Kharif	281.29
jute	60	55	40	25	88.95692783	7.02777956	151	Maharashtra	Post-Monsoon	61.22
jute	60	55	40	25	88.95692783	7.02777956	151	West Bengal	Zaid	159.69
jute	67	43	38	25	70.88259632	7.299304715	196	West Bengal	Kharif	154.36
jute	70	38	35	24	79.26861738	7.014063944	164	Maharashtra	Kharif	299.54
jute	70	38	35	24	79.26861738	7.014063944	164	Karnataka	Zaid	46.06
jute	74	49	38	23	71.4509053	7.488014404	164	West Bengal	Zaid	142.04
jute	80	45	42	23	74.99739774	7.380396262	152	West Bengal	Post-Monsoon	141.24
jute	69	47	40	25	76.2403666	6.130136384	184	Tamil Nadu	Post-Monsoon	24.42
jute	69	47	40	25	76.2403666	6.130136384	184	Karnataka	Post-Monsoon	283.18
jute	82	40	45	26	81.70476368	6.667633355	180	Karnataka	Kharif	247.52
jute	81	36	38	24	87.98329901	6.334837865	150	Karnataka	Rabi	11.27
jute	67	60	38	25	78.53037059	7.16214284	162	Maharashtra	Zaid	51.83
jute	67	60	38	25	78.53037059	7.16214284	162	Maharashtra	Zaid	74.15
jute	67	60	38	25	78.53037059	7.16214284	162	Karnataka	Rabi	150.93
jute	66	47	36	25	74.4407048	6.57256106	176	Punjab	Zaid	136.97
jute	66	47	36	25	74.4407048	6.57256106	176	Karnataka	Kharif	15.91
jute	89	52	45	25	77.01222585	7.207457208	196	West Bengal	Kharif	154.36
jute	77	51	44	23	82.7015932	7.124333547	166	Maharashtra	Post-Monsoon	26.58
jute	94	37	41	25	87.06071115	6.463538707	179	Karnataka	Post-Monsoon	99.51
jute	82	48	36	26	81.76904006	6.352076783	193	Karnataka	Kharif	19.76
jute	100	58	41	23	87.88255345	6.658769991	161	Punjab	Zaid	96.1
jute	67	41	40	26	87.81661683	7.333143205	153	Karnataka	Kharif	112.57
jute	61	41	44	24	82.11319791	6.537914958	160	Uttar Pradesh	Rabi	104.15
jute	61	41	44	24	82.11319791	6.537914958	160	Karnataka	Kharif	85.4
jute	77	48	36	26	84.09985284	7.36008498	155	Karnataka	Zaid	139.45
jute	61	41	35	25	79.47557931	6.842966479	196	West Bengal	Kharif	154.36
jute	99	57	38	25	82.09281674	6.356295568	156	Uttar Pradesh	Zaid	80.02
jute	71	56	37	23	86.20899734	6.491506245	176	Uttar Pradesh	Rabi	105.62
jute	65	54	39	24	71.14782585	7.124571593	160	Uttar Pradesh	Rabi	104.15
jute	65	54	39	24	71.14782585	7.124571593	160	Karnataka	Kharif	85.4
jute	60	58	37	26	79.1188943	6.067302109	171	West Bengal	Zaid	31.43
jute	86	39	43	26	71.23690851	6.432051512	193	Karnataka	Kharif	19.76
jute	90	50	44	27	73.48655995	6.253408852	171	Tamil Nadu	Post-Monsoon	14.24
jute	90	50	44	27	73.48655995	6.253408852	171	West Bengal	Zaid	147.84
jute	87	48	38	24	80.94023552	7.161865733	190	Uttar Pradesh	Kharif	101.52
jute	87	48	38	24	80.94023552	7.161865733	190	Karnataka	Kharif	281.29
jute	82	46	41	23	79.79609448	6.581693772	187	Maharashtra	Kharif	200.42
jute	71	52	43	26	73.96164569	6.732826127	180	Karnataka	Kharif	247.52
jute	80	43	43	24	74.36794079	6.014572075	173	Karnataka	Rabi	174.43
jute	80	43	43	24	74.36794079	6.014572075	173	Karnataka	Post-Monsoon	258.05
jute	77	55	43	25	75.99987588	6.663559451	194	Karnataka	Zaid	256.01
jute	93	43	38	24	86.14290267	6.987332927	150	Karnataka	Rabi	11.27
jute	88	52	39	24	88.07112278	6.880204617	155	Maharashtra	Rabi	184.19
jute	90	39	43	24	82.286484	6.7693455	191	Punjab	Rabi	164.82
coffee	107	21	26	26	55.32222678	7.235070264	145	Maharashtra	Zaid	129.94
coffee	107	21	26	26	55.32222678	7.235070264	145	Tamil Nadu	Kharif	149.74
coffee	83	38	35	26	52.88667115	7.18915558	137	West Bengal	Kharif	10.71
coffee	116	28	34	23	60.39523266	6.42321105	122	Maharashtra	Rabi	251.4
coffee	116	28	34	23	60.39523266	6.42321105	122	Maharashtra	Rabi	48.5
coffee	85	33	25	26	52.50987966	6.910823945	189	Karnataka	Zaid	277.54
coffee	81	30	31	25	51.93952357	7.027585559	135	Karnataka	Kharif	10.32
coffee	81	30	31	25	51.93952357	7.027585559	135	Karnataka	Kharif	212.83
coffee	81	34	30	25	62.26244581	6.647765997	135	Karnataka	Kharif	10.32
coffee	81	34	30	25	62.26244581	6.647765997	135	Karnataka	Kharif	212.83
coffee	83	21	28	26	60.49244602	7.466900683	190	West Bengal	Zaid	121.17
coffee	86	26	27	27	52.89368299	6.081172981	192	Punjab	Rabi	117.59
coffee	103	27	31	27	51.59100753	6.691541233	126	Punjab	Post-Monsoon	315.89
coffee	120	40	33	24	54.30329632	6.73410539	115	Maharashtra	Post-Monsoon	72.82
coffee	98	29	30	26	61.03273481	6.217974349	199	Karnataka	Rabi	95.01
coffee	97	29	27	28	54.36976075	7.205078785	140	Maharashtra	Post-Monsoon	62.87
coffee	103	33	25	27	55.7497332	6.911066044	140	Karnataka	Zaid	74.04
coffee	99	19	33	28	55.51673151	6.273741983	131	Maharashtra	Post-Monsoon	151.03
coffee	100	40	35	28	54.41094079	6.955787351	178	West Bengal	Rabi	67.39
coffee	82	24	26	24	53.57285558	6.089443603	184	Tamil Nadu	Post-Monsoon	1.31
coffee	87	28	35	27	57.1621814	6.759211911	152	Karnataka	Zaid	78.45
coffee	111	28	26	28	64.47858698	6.937352845	193	Maharashtra	Zaid	59.29
coffee	116	40	33	25	54.15319242	7.042089492	130	Punjab	Post-Monsoon	161.67
coffee	116	40	33	25	54.15319242	7.042089492	130	West Bengal	Kharif	160.19
coffee	95	37	35	27	68.4233391	6.348337519	192	Punjab	Rabi	117.59
coffee	105	18	35	24	68.44030686	6.743417121	172	Uttar Pradesh	Rabi	26.28
coffee	105	18	35	24	68.44030686	6.743417121	172	West Bengal	Kharif	130.34
coffee	80	18	31	24	58.84880599	7.303033217	135	Karnataka	Post-Monsoon	299.32
coffee	107	38	29	27	57.56695719	6.35118177	145	Karnataka	Kharif	157.55
coffee	107	31	31	23	52.97841162	6.766184468	153	Karnataka	Post-Monsoon	102.11
coffee	118	31	34	28	62.88179198	6.123796057	181	Tamil Nadu	Zaid	59.76
coffee	106	21	35	26	57.04151119	7.428523634	189	Karnataka	Zaid	277.54
coffee	116	38	34	23	50.04557009	6.020947179	183	Tamil Nadu	Kharif	243.36
coffee	107	34	32	27	66.4132686	6.78006386	178	Karnataka	Zaid	22.47
coffee	104	18	30	24	60.39647474	6.779832611	141	Uttar Pradesh	Rabi	168.24

